Indent Level,Expenditure category,"Relative
importance
Sep.
2020",2019-10-01,2019/11/01,2019-12-01,2020-01-01,2020-02-01,2020-03-01,2020-04-01,2020-05-01,2020-06-01,2020-07-01,2020-08-01,2020-09-01,2020-10-01
0,All items,100.000,257.346,257.208,256.974,257.971,258.678,258.115,256.389,256.394,257.797,259.101,259.918,260.280,260.388
1,Food,14.084,259.632,259.467,259.823,261.057,261.876,262.708,266.757,268.439,269.770,268.863,269.079,269.163,269.828
2,Food at home,7.781,242.340,241.726,241.750,243.110,244.054,245.163,251.717,253.827,255.042,252.563,252.352,251.369,251.937
3,Cereals and bakery products,1.004,276.470,276.166,275.036,275.916,276.641,277.646,285.160,284.937,286.092,285.204,284.472,284.416,284.740
4,Cereals and cereal products,0.308,226.009,224.887,224.896,226.530,226.169,228.033,232.267,235.715,236.930,234.667,232.293,232.810,232.244
5,Flour and prepared flour mixes,0.042,232.780,224.422,225.638,235.711,234.170,235.939,238.985,240.779,244.665,243.504,242.610,240.290,238.125
5,Breakfast cereal(4),0.141,220.408,218.774,221.618,219.421,217.695,221.578,224.844,228.013,230.490,226.335,221.886,226.417,226.858
5,"Rice, pasta, cornmeal(4)",0.124,236.496,238.499,234.282,237.732,239.446,238.912,244.852,249.304,248.073,247.693,247.294,243.879,242.619
6,Rice(4)(5)(6),,162.585,161.442,158.079,159.609,159.819,159.431,165.218,166.804,166.399,167.349,167.389,166.567,165.524
5,Bakery products(4),0.696,305.674,305.890,304.051,304.479,305.850,306.338,315.786,313.372,314.487,314.422,314.673,314.275,315.130
6,Bread(4)(5),0.200,185.162,187.598,186.499,185.053,186.696,187.308,194.227,190.654,189.750,190.894,191.783,192.332,193.623
7,White bread(4)(6),,336.293,341.143,339.524,338.123,340.669,343.249,355.262,347.542,345.370,347.792,351.435,350.518,352.991
7,Bread other than white(4)(6),,359.226,362.753,361.061,357.306,360.304,361.991,374.510,369.676,368.162,369.721,369.878,373.051,375.864
6,"Fresh biscuits, rolls, muffins(5)",0.102,180.528,180.255,180.359,179.172,179.860,179.659,186.219,184.492,184.620,183.603,186.284,187.342,186.338
6,"Cakes, cupcakes, and cookies",0.177,289.839,294.040,287.726,292.549,288.073,292.379,296.846,294.435,298.935,296.970,295.675,294.172,297.045
7,Cookies(4)(6),,273.999,273.424,268.471,271.855,268.435,272.291,286.192,277.178,279.055,278.336,279.458,277.278,282.990
7,Fresh cakes and cupcakes(4)(6),,310.384,323.576,312.827,316.440,313.595,316.188,308.843,314.521,325.515,320.660,313.592,311.898,309.678
6,Other bakery products,0.218,271.611,265.935,266.853,267.099,271.760,269.163,278.737,279.694,280.501,281.017,279.681,278.250,277.445
7,"Fresh sweetrolls, coffeecakes, doughnuts(4)(6)",,312.167,311.954,314.018,310.438,314.009,306.855,322.216,323.281,329.159,327.321,326.261,319.747,324.387
7,"Crackers, bread, and cracker products(6)",,311.228,296.462,303.588,301.606,307.955,308.985,321.130,323.007,320.816,320.730,321.669,317.965,314.782
7,"Frozen and refrigerated bakery products, pies, tarts, turnovers(6)",,268.891,267.969,262.152,267.144,271.689,267.546,272.966,274.977,274.218,275.362,272.202,276.116,275.921
3,"Meats, poultry, fish, and eggs",1.743,250.592,250.491,252.893,252.905,253.396,254.724,266.263,275.405,281.139,271.028,266.969,265.386,265.796
4,"Meats, poultry, and fish",1.648,254.491,254.268,255.899,256.269,256.753,257.912,267.876,279.226,286.245,275.995,271.991,270.158,270.384
5,Meats,1.034,257.392,257.298,258.572,259.503,260.417,261.489,270.149,286.185,298.033,283.826,277.383,273.730,274.473
6,Beef and veal,0.475,308.032,308.601,313.818,313.610,314.232,316.270,329.503,365.484,385.495,354.009,337.768,332.996,332.092
7,Uncooked ground beef(4),0.174,272.685,272.517,275.926,277.710,276.504,280.336,293.690,314.981,336.424,309.349,297.108,291.531,292.378
7,Uncooked beef roasts(4)(5),0.076,229.078,231.818,240.213,238.609,241.550,241.647,253.826,303.401,307.274,280.565,266.123,264.233,256.383
7,Uncooked beef steaks(5),0.182,207.611,207.329,211.160,209.953,210.502,211.594,218.764,244.034,258.987,236.773,224.432,221.130,221.458
7,Uncooked other beef and veal(4)(5),0.044,248.555,251.126,250.883,251.451,253.389,251.510,260.944,283.515,297.987,280.408,270.645,269.271,270.383
6,Pork,0.327,216.288,215.040,213.177,215.090,216.823,217.168,223.007,229.467,238.597,233.416,230.836,227.639,229.743
7,"Bacon, breakfast sausage, and related products(5)",0.133,162.977,160.826,160.178,163.837,162.266,161.539,162.428,161.798,171.255,171.441,168.525,168.405,171.027
8,Bacon and related products(6),,307.207,305.741,302.752,304.750,303.583,296.226,298.948,297.806,319.364,320.309,312.352,314.387,318.629
8,Breakfast sausage and related products(5)(6),,147.205,143.345,143.451,149.992,148.035,151.891,151.529,150.286,155.988,155.664,155.435,153.350,156.162
7,Ham,0.068,217.184,210.880,199.772,204.344,209.558,219.842,210.336,221.910,227.745,217.932,220.614,221.066,220.397
8,"Ham, excluding canned(6)",,242.928,235.639,221.789,226.858,232.832,244.469,233.472,247.432,254.356,243.740,246.615,246.517,245.956
7,Pork chops(4),0.053,186.006,191.235,191.834,188.587,193.058,190.618,204.752,221.889,231.435,218.186,211.034,212.637,204.053
7,"Other pork including roasts, steaks, and ribs(5)",0.073,126.783,127.784,129.193,127.855,129.717,127.032,139.949,143.534,146.240,143.896,143.086,133.897,139.910
6,Other meats,0.231,226.540,227.145,227.149,228.236,228.312,228.971,234.515,234.429,237.561,236.269,238.886,236.441,237.538
7,Frankfurters(6),,236.463,238.933,234.689,243.800,235.332,241.603,251.006,246.818,256.135,259.381,256.208,249.129,261.006
7,Lunchmeats(5)(6),,144.962,145.463,145.986,146.352,146.413,146.050,149.934,152.281,152.292,151.090,152.801,152.646,152.886
7,Lamb and organ meats(4)(6),,,,,,,,,,,,,,
7,Lamb and mutton(4)(5)(6),,,,,,,,,,,,,,
6,Poultry(4),0.338,231.472,230.686,234.502,231.801,232.820,235.803,246.991,252.418,252.765,247.459,247.053,247.951,246.904
7,Chicken(4)(5),0.272,149.301,149.412,152.095,149.467,149.496,151.403,160.175,163.158,163.525,159.299,158.494,157.875,157.681
8,Fresh whole chicken(4)(6),,247.066,246.251,254.314,248.944,246.729,249.805,267.535,272.870,272.167,268.191,263.988,258.260,258.094
8,Fresh and frozen chicken parts(4)(6),,222.679,222.913,225.547,222.016,223.032,225.667,237.339,241.520,242.565,235.603,234.901,236.015,234.952
7,Other uncooked poultry including turkey(5),0.065,149.289,146.009,147.475,149.683,153.139,155.139,155.424,161.230,160.813,160.975,163.132,169.052,166.231
6,Fish and seafood,0.276,298.194,298.291,298.123,300.842,298.721,297.550,311.987,313.424,310.716,308.877,309.391,310.962,310.959
7,Fresh fish and seafood(5),0.139,185.344,185.024,186.119,188.896,188.573,189.458,197.665,196.794,194.058,192.804,190.771,193.679,193.648
7,Processed fish and seafood(5),0.138,148.945,149.316,148.213,148.695,146.836,144.951,152.777,154.917,154.412,153.583,155.734,154.963,154.985
8,Shelf stable fish and seafood(4)(6),,216.617,214.588,214.012,215.459,212.508,211.270,219.757,223.527,222.301,223.545,225.007,225.678,223.707
8,Frozen fish and seafood(6),,309.876,311.690,307.827,308.041,305.140,297.425,319.781,322.465,322.122,318.333,324.014,320.406,323.980
5,Eggs,0.095,198.374,200.008,213.421,208.788,209.359,212.876,244.826,225.315,214.368,206.072,201.312,202.968,205.772
3,Dairy and related products,0.789,220.738,221.515,221.924,223.035,224.443,225.627,228.755,230.166,228.437,227.114,231.231,230.656,229.155
4,Milk(5),0.216,143.000,143.933,144.845,146.652,146.240,146.295,147.742,146.865,145.469,146.046,151.940,152.025,149.081
5,Fresh whole milk(6),,204.033,205.147,206.342,209.253,208.440,208.402,209.286,208.256,207.343,209.485,218.064,219.306,214.942
5,Fresh milk other than whole(5)(6),,147.528,148.691,148.983,151.053,150.743,150.732,152.919,152.349,150.514,150.672,156.513,156.156,153.055
4,Cheese and related products(4),0.266,232.490,233.878,234.486,233.932,236.598,236.610,240.897,242.776,242.237,238.402,244.669,243.109,243.122
4,Ice cream and related products,0.110,225.138,225.638,224.202,227.147,226.516,228.986,233.015,233.377,231.814,229.501,229.135,231.992,229.210
4,Other dairy and related products(4)(5),0.196,146.819,146.489,146.563,146.900,149.050,151.200,152.772,155.743,153.738,153.702,152.935,151.590,151.870
3,Fruits and vegetables,1.341,301.318,297.472,297.105,301.679,299.817,299.641,304.809,306.798,305.393,306.123,306.754,306.249,309.071
4,Fresh fruits and vegetables,1.050,350.148,345.551,344.851,350.506,347.538,346.823,351.845,353.765,351.193,352.504,353.654,352.821,357.967
5,Fresh fruits,0.539,363.135,354.704,353.047,352.185,350.446,352.394,360.185,360.968,353.031,353.685,358.764,358.661,364.954
6,Apples,0.076,333.259,322.440,314.932,317.302,315.191,310.774,328.641,329.827,326.202,330.308,333.698,326.216,322.554
6,Bananas(4),0.074,195.904,197.388,197.506,195.848,195.034,195.553,195.890,196.546,195.506,192.992,189.923,190.210,190.704
6,Citrus fruits(5),0.146,271.388,257.927,242.295,238.849,232.326,232.223,245.671,249.797,256.196,264.260,266.997,266.270,266.773
7,"Oranges, including tangerines(6)",,546.346,517.973,476.229,471.217,455.632,449.124,475.288,486.213,505.558,524.195,531.349,530.601,532.450
6,Other fresh fruits(5),0.242,116.389,114.989,119.388,119.723,120.582,122.423,122.442,121.659,114.799,113.149,116.312,117.217,121.972
5,Fresh vegetables,0.511,335.179,334.579,334.875,347.123,342.920,339.504,341.690,344.754,347.644,349.617,346.769,345.200,349.157
6,Potatoes,0.081,378.772,347.904,351.033,370.133,370.054,373.131,380.959,395.407,402.280,397.984,397.532,376.693,380.061
6,Lettuce(4),0.062,321.697,341.849,335.223,337.029,324.882,323.178,323.722,324.130,322.566,327.740,323.843,331.710,355.621
6,Tomatoes,0.081,320.159,329.771,337.043,361.063,356.969,364.552,351.820,343.868,347.268,349.717,347.027,348.353,353.223
6,Other fresh vegetables,0.286,334.928,334.546,333.702,343.360,339.797,331.212,336.517,340.369,343.120,345.876,342.571,343.017,342.451
5,Processed fruits and vegetables(5),0.291,156.318,154.538,154.805,156.607,156.991,157.754,162.084,163.772,164.619,164.220,163.852,163.999,162.335
6,Canned fruits and vegetables(5),0.151,163.841,160.047,161.607,163.242,164.047,164.599,169.917,170.346,171.793,171.562,170.290,171.087,168.440
7,Canned fruits(5)(6),,156.939,155.519,158.701,158.715,160.349,159.232,163.007,163.973,163.063,164.113,163.281,164.972,163.602
7,Canned vegetables(5)(6),,174.198,168.743,169.146,172.181,172.637,174.878,181.206,180.836,183.696,182.754,181.669,181.708,178.994
6,Frozen fruits and vegetables(5),0.088,144.030,144.163,142.654,145.137,144.953,145.935,150.468,152.234,152.979,152.077,152.291,152.172,152.444
7,Frozen vegetables(6),,199.043,199.326,195.858,201.196,201.604,201.175,207.732,209.380,210.497,209.112,209.043,208.282,208.844
6,Other processed fruits and vegetables including dried(5),0.052,153.427,154.612,154.022,155.027,155.259,156.190,157.358,162.303,161.668,161.714,162.792,161.635,159.257
7,"Dried beans, peas, and lentils(4)(5)(6)",,183.614,183.868,182.756,182.471,181.507,183.424,185.376,194.491,194.869,195.472,199.128,193.027,189.019
3,Nonalcoholic beverages and beverage materials,0.933,170.842,170.675,170.006,172.313,173.194,174.454,179.235,178.234,179.190,178.167,178.684,177.848,178.400
4,Juices and nonalcoholic drinks(5),0.668,133.558,133.210,133.202,135.439,135.914,136.903,141.510,140.585,141.336,140.747,140.972,140.505,140.997
5,Carbonated drinks,0.282,168.958,168.605,166.556,171.883,173.629,175.423,181.539,179.466,182.446,181.699,183.220,180.478,182.262
5,Frozen noncarbonated juices and drinks(4)(5),0.006,175.268,175.654,177.387,177.699,175.807,176.258,181.406,181.355,179.430,180.623,180.603,176.680,178.122
5,Nonfrozen noncarbonated juices and drinks(5),0.381,121.102,120.726,121.766,122.533,122.401,123.026,127.064,126.679,126.344,125.790,125.358,126.083,125.919
4,Beverage materials including coffee and tea(5),0.265,116.160,116.519,114.948,115.597,116.650,117.496,118.908,118.527,119.172,118.026,118.760,117.795,118.045
5,Coffee,0.170,191.857,192.688,188.564,190.995,191.996,194.066,196.120,194.799,197.660,195.196,195.673,194.133,196.077
6,Roasted coffee(6),,200.050,200.360,196.173,199.209,199.522,202.498,204.638,202.814,205.651,203.915,204.268,202.434,204.384
6,Instant coffee(4)(6),,184.367,187.462,183.984,181.530,184.342,183.167,187.835,188.474,191.835,187.589,189.031,186.482,189.437
5,Other beverage materials including tea(4)(5),0.094,130.514,130.633,130.685,129.740,131.831,131.954,133.880,134.307,132.816,132.234,133.963,132.814,131.207
3,Other food at home,1.972,211.492,211.250,210.432,210.763,213.215,214.565,219.233,218.988,219.311,219.254,219.607,218.358,218.758
4,Sugar and sweets(4),0.268,223.642,223.429,220.581,226.310,224.932,226.391,227.387,228.497,226.962,225.011,226.895,228.434,229.884
5,Sugar and sugar substitutes,0.037,190.999,187.506,186.257,193.910,194.962,196.892,201.562,205.793,202.859,201.436,201.950,201.597,204.319
5,Candy and chewing gum(4)(5),0.178,152.782,153.730,151.161,154.723,153.671,154.605,154.955,154.793,153.507,151.830,153.738,155.991,156.512
5,Other sweets(5),0.053,154.967,153.036,152.533,156.192,154.400,155.250,154.980,157.060,157.671,157.339,157.157,155.095,156.870
4,Fats and oils,0.215,226.629,223.277,221.930,227.123,226.890,228.497,230.824,231.069,230.438,231.628,230.656,231.286,230.279
5,Butter and margarine(5),0.065,206.614,201.540,199.761,208.924,205.638,210.774,207.287,208.781,205.349,209.209,211.150,210.666,209.295
6,Butter(6),,247.830,240.226,239.313,252.787,248.632,254.716,247.899,252.121,246.007,251.324,254.389,251.076,250.060
6,Margarine(6),,298.217,294.869,290.637,300.611,299.503,305.728,304.458,305.295,300.849,308.345,307.922,312.880,307.805
5,Salad dressing(5),0.051,129.250,128.356,129.856,130.872,130.667,132.549,132.730,132.625,131.122,131.668,129.690,132.377,131.286
5,Other fats and oils including peanut butter(5),0.099,155.840,153.821,151.723,154.311,155.713,154.406,159.482,159.175,160.859,160.392,159.211,158.723,158.575
6,Peanut butter(4)(5)(6),,150.416,152.233,151.943,146.492,152.586,152.257,,,164.662,160.678,162.316,158.114,163.536
5,Other foods,1.488,225.067,225.287,224.916,223.574,227.332,228.741,234.825,234.238,235.070,235.174,235.469,233.326,233.772
6,Soups,0.091,238.563,237.823,238.148,240.203,246.051,250.847,259.710,256.798,258.646,260.599,261.041,259.159,253.517
6,Frozen and freeze dried prepared foods,0.258,167.453,168.087,166.066,165.763,168.182,168.064,172.642,174.635,173.396,174.231,174.852,173.392,173.546
6,Snacks(4),0.340,250.993,251.090,248.192,246.369,252.516,253.683,263.338,260.068,265.419,264.843,262.682,260.175,262.196
6,"Spices, seasonings, condiments, sauces",0.295,243.518,239.777,238.479,242.536,245.756,249.685,251.238,250.637,250.476,249.663,252.872,251.466,251.914
7,Salt and other seasonings and spices(5)(6),,155.080,151.537,151.423,155.945,156.131,158.062,156.671,158.413,158.073,157.353,157.718,156.469,156.291
7,"Olives, pickles, relishes(4)(5)(6)",,144.982,141.371,140.679,146.246,146.395,147.653,149.349,145.706,146.043,145.746,148.742,149.616,150.225
7,Sauces and gravies(5)(6),,140.213,137.868,137.783,139.344,142.018,145.255,146.336,145.313,145.515,144.213,146.899,146.328,147.042
7,Other condiments(6),,276.271,273.245,270.737,275.419,274.895,280.084,283.890,278.807,283.292,284.848,286.311,283.978,283.399
6,Baby food(4)(5),0.043,170.783,170.380,167.801,165.818,171.917,172.296,176.949,176.468,176.077,173.111,172.509,173.016,171.910
6,Other miscellaneous foods(5),0.461,131.944,133.558,135.649,132.477,133.956,134.325,138.257,138.084,138.020,138.366,138.370,136.586,137.091
7,Prepared salads(4)(7)(6),,128.071,128.787,133.665,132.980,133.401,133.450,128.687,128.163,128.535,126.500,129.200,128.115,129.262
2,Food away from home(4),6.304,286.791,287.255,288.078,289.137,289.781,290.216,290.639,291.709,293.219,294.599,295.437,297.080,297.893
3,Full service meals and snacks(4)(5),3.150,178.117,178.585,178.981,179.613,180.011,179.940,179.359,179.720,181.276,182.035,182.162,182.638,183.177
3,Limited service meals and snacks(4)(5),2.760,183.223,183.320,184.074,184.856,185.342,186.020,187.311,188.422,189.280,190.472,191.307,193.053,193.708
3,Food at employee sites and schools(5),0.138,182.855,182.993,183.089,183.357,183.257,183.737,183.714,183.918,172.576,,175.849,176.453,176.445
4,Food at elementary and secondary schools(4)(8)(6),,152.240,152.243,152.150,152.124,152.027,152.044,,,,,,142.885,142.994
3,Food from vending machines and mobile vendors(4)(5),0.081,168.681,169.395,169.431,169.929,169.364,169.643,169.640,169.914,170.311,170.286,170.228,170.891,170.598
3,Other food away from home(4)(5),0.175,198.339,198.339,198.310,198.249,198.475,198.759,199.425,199.763,201.685,200.591,202.014,203.052,201.580
,,,,,,,,,,,,,,,
1,Energy,6.182,216.351,214.636,212.982,213.043,208.354,199.573,183.081,183.076,193.379,197.665,197.362,198.858,196.458
2,Energy commodities,3.034,240.279,237.972,234.651,232.906,223.913,207.215,174.001,173.138,189.613,198.365,198.496,199.741,196.835
3,Fuel oil and other fuels,0.131,277.631,281.017,287.781,289.038,274.060,248.114,221.341,211.401,220.187,224.920,227.453,224.364,227.348
4,Fuel oil,0.073,282.534,284.797,288.766,291.872,268.835,229.794,194.716,180.999,194.267,203.084,207.623,201.474,202.805
4,"Propane, kerosene, and firewood(9)",0.057,319.414,325.446,338.492,336.333,334.515,329.657,314.372,310.065,311.615,309.156,308.197,310.578,317.369
3,Motor fuel,2.903,236.346,233.851,230.189,228.343,219.677,203.512,170.378,169.882,186.494,195.317,195.352,196.756,193.647
4,Gasoline (all types),2.841,235.168,232.575,228.857,227.010,218.373,202.205,168.891,168.528,185.422,194.397,194.449,195.888,192.792
5,"Gasoline, unleaded regular(6)",,229.656,226.962,223.598,221.952,213.106,196.578,162.959,163.196,180.237,189.142,189.060,190.498,187.358
5,"Gasoline, unleaded midgrade(10)(6)",,255.534,253.540,249.082,246.871,238.565,225.054,194.611,190.824,206.779,215.880,216.482,218.111,215.541
5,"Gasoline, unleaded premium(6)",,253.672,251.971,246.167,243.141,236.752,224.163,195.907,191.991,206.270,214.932,215.819,217.023,214.531
4,Other motor fuels(5),0.062,221.182,223.620,223.376,222.092,214.568,202.915,186.260,180.357,180.684,180.800,180.088,179.631,176.848
2,Energy services,3.148,202.556,201.387,201.446,203.318,202.712,201.439,200.899,201.752,206.368,206.388,205.636,207.454,205.445
3,Electricity,2.472,212.829,210.365,209.725,212.018,212.180,211.332,211.040,211.988,218.191,218.820,217.680,218.395,215.570
3,Utility (piped) gas service,0.676,169.138,171.629,173.652,174.272,171.469,168.994,167.751,168.316,168.267,166.536,166.916,171.873,172.255
,,,,,,,,,,,,,,,
1,All items less food and energy,79.734,265.059,265.108,264.935,266.004,267.268,267.312,266.089,265.799,266.302,267.703,268.756,269.054,269.328
2,Commodities less food and energy commodities,20.323,144.577,143.722,142.920,143.532,144.605,144.718,143.613,142.964,142.908,143.696,145.391,146.096,146.261
3,Household furnishings and supplies(11),3.788,90.869,90.342,90.068,90.661,90.952,90.783,91.224,91.607,92.152,92.323,92.857,92.771,92.574
4,Window and floor coverings and other linens(4)(5),0.290,55.923,54.557,55.132,57.547,58.254,57.847,57.421,56.635,57.816,57.389,57.807,57.848,56.977
5,Floor coverings(4)(5),0.063,111.861,111.100,111.938,112.874,113.133,112.681,112.365,111.506,111.117,111.588,112.865,111.988,112.178
5,Window coverings(4)(5),0.060,60.525,60.762,64.161,65.554,66.482,67.422,67.984,66.322,65.834,64.612,66.801,66.168,66.408
5,Other linens(4)(5),0.167,42.825,41.161,41.088,43.818,44.495,43.796,43.143,42.628,44.370,44.027,43.865,44.203,42.960
4,Furniture and bedding(4),0.939,114.079,113.699,113.223,113.491,114.491,113.176,111.007,112.314,113.116,112.222,114.047,114.960,114.508
5,Bedroom furniture(4),0.325,130.971,130.478,130.664,131.483,130.443,127.818,124.797,125.828,127.789,126.290,128.574,127.884,127.332
5,"Living room, kitchen, and dining room furniture(4)(5)",0.454,88.449,88.454,87.574,87.137,88.805,88.279,86.589,87.748,87.253,86.601,87.827,89.513,89.175
5,Other furniture(4)(5),0.150,68.134,67.142,67.271,68.381,69.462,68.824,68.203,69.223,71.177,71.121,72.416,72.702,72.475
6,Infants' furniture(4)(8)(6),,103.568,110.155,110.538,111.689,111.671,104.325,104.824,114.678,113.996,112.704,112.308,114.514,113.462
4,Appliances(5),0.220,77.442,76.714,76.396,76.978,77.290,77.269,78.492,78.500,79.723,80.364,81.827,80.939,81.175
5,Major appliances(5),0.077,82.320,79.914,79.224,81.309,83.441,83.592,85.931,85.933,86.416,88.289,92.720,91.372,93.575
6,Laundry equipment(6),,92.061,90.832,89.295,88.843,87.726,92.498,93.848,91.007,92.105,100.146,103.595,97.871,99.316
5,Other appliances(5),0.140,67.689,67.812,67.694,67.599,67.127,67.040,67.683,67.683,69.105,69.181,69.280,68.668,68.064
4,Other household equipment and furnishings(5),0.542,50.775,50.462,49.601,50.043,49.771,49.769,50.461,50.375,50.329,50.317,50.787,50.766,50.188
5,"Clocks, lamps, and decorator items(4)",0.317,37.263,37.395,36.253,36.375,36.170,35.938,37.053,36.954,36.776,36.823,37.433,37.184,36.657
5,Indoor plants and flowers(12),0.091,131.393,130.382,131.012,129.051,130.707,133.292,132.803,133.279,133.835,133.635,131.375,133.581,134.676
5,Dishes and flatware(4)(5),0.054,49.288,47.272,46.697,49.062,48.314,48.784,47.719,47.459,48.047,47.269,48.627,47.696,45.748
5,Nonelectric cookware and tableware(5),0.080,79.218,78.135,78.290,80.627,79.180,78.835,78.284,78.169,78.149,78.639,78.472,79.914,79.704
4,"Tools, hardware, outdoor equipment and supplies(5)",0.887,91.484,90.424,90.420,90.925,91.300,91.602,92.062,92.333,93.034,92.889,92.926,93.188,93.251
5,"Tools, hardware and supplies(4)(5)",0.247,100.345,98.118,97.398,98.404,99.017,99.638,100.068,99.755,100.082,100.520,100.979,102.259,102.396
5,Outdoor equipment and supplies(5),0.451,87.287,86.838,87.217,87.461,87.701,87.878,88.391,88.928,89.772,89.315,89.160,88.899,88.932
4,Housekeeping supplies(4),0.911,189.530,190.082,190.155,189.899,189.614,190.279,195.194,196.757,196.827,200.321,199.340,196.956,198.021
5,Household cleaning products(4)(5),0.361,120.419,120.526,121.040,120.977,120.154,121.468,122.610,123.450,124.370,126.653,126.075,126.036,126.666
5,Household paper products(4)(5),0.226,175.848,178.201,178.361,177.019,177.497,177.763,185.841,186.222,186.570,193.457,191.513,184.698,184.480
5,Miscellaneous household products(4)(5),0.324,118.713,118.341,117.796,118.036,118.206,117.825,121.416,123.047,122.021,122.471,122.282,121.312,122.582
3,Apparel,2.780,126.154,122.986,119.111,120.853,124.438,123.815,118.394,114.582,114.734,114.267,116.299,119.354,119.172
4,Men's and boys' apparel,0.696,122.583,117.218,112.442,116.548,120.077,119.090,112.671,110.121,110.683,110.290,112.272,113.745,112.383
5,Men's apparel,0.560,124.179,118.951,113.414,119.589,123.976,122.359,115.466,113.170,113.349,112.189,114.669,116.361,114.356
6,"Men's suits, sport coats, and outerwear",0.096,116.754,109.803,98.326,102.626,108.926,107.270,92.602,89.692,91.953,92.564,91.480,92.892,89.434
6,"Men's underwear, nightwear, swimwear, and accessories(4)",0.171,159.172,155.353,151.248,157.608,163.036,161.888,158.653,156.995,159.121,157.693,163.379,168.442,164.311
6,Men's shirts and sweaters(5),0.155,79.565,74.793,70.878,72.325,76.106,75.692,71.867,69.390,68.723,67.097,68.771,70.008,69.663
6,Men's pants and shorts,0.133,116.864,113.678,111.673,125.004,125.493,122.108,116.890,116.206,114.360,113.384,116.366,115.273,114.354
5,Boys' apparel,0.136,114.325,108.679,106.406,102.959,103.315,104.624,100.054,96.648,98.579,100.961,101.102,101.753,102.738
4,Women's and girls' apparel,1.145,107.698,105.181,101.556,101.628,106.218,106.796,101.651,96.654,95.961,94.209,96.492,101.725,101.854
5,Women's apparel,0.940,110.066,107.423,103.033,103.180,108.011,108.686,102.578,97.548,96.684,95.168,97.281,102.166,102.623
6,Women's outerwear,0.066,108.532,103.916,97.225,92.081,97.646,97.690,89.920,86.729,86.832,88.076,91.239,97.313,99.713
6,Women's dresses,0.097,120.680,112.622,107.060,102.814,112.785,113.973,102.499,89.423,85.608,82.653,91.160,99.400,100.720
6,Women's suits and separates(5),0.492,75.001,73.930,70.868,70.494,73.723,74.646,71.066,68.672,68.051,66.158,67.031,71.188,71.298
6,"Women's underwear, nightwear, swimwear, and accessories(5)",0.276,105.826,103.796,100.623,104.803,107.774,107.258,102.046,96.848,96.870,97.329,98.349,99.653,99.818
5,Girls' apparel,0.205,95.866,93.981,94.203,93.943,97.423,97.564,96.745,91.938,92.009,89.220,92.244,98.987,97.652
4,Footwear,0.646,139.211,137.767,135.250,136.587,138.315,136.592,132.288,129.157,129.451,130.666,132.170,132.444,134.374
5,Men's footwear(4),0.230,142.000,141.208,138.699,140.498,141.221,138.063,136.513,133.844,135.467,137.337,138.111,138.746,139.258
5,Boys' and girls' footwear,0.128,160.484,158.478,155.829,155.679,159.880,158.009,152.674,148.589,148.458,148.749,147.310,144.554,150.983
5,Women's footwear,0.287,126.687,125.078,122.639,124.184,125.659,125.024,119.264,116.225,115.745,116.826,119.910,121.059,122.262
4,Infants' and toddlers' apparel,0.129,119.036,116.964,115.940,115.241,116.744,112.504,108.793,108.124,112.495,112.987,115.024,113.612,109.933
4,Jewelry and watches(9),0.164,173.276,169.844,163.426,173.010,173.122,171.237,167.097,166.095,167.714,172.855,172.681,176.463,173.682
5,Watches(4)(9),0.039,141.002,140.624,137.653,140.923,141.651,143.381,141.765,143.456,142.676,141.982,145.826,144.529,144.976
5,Jewelry(9),0.125,173.761,168.345,160.068,171.278,171.147,168.042,163.276,161.334,163.733,170.675,168.990,174.396,170.613
3,Transportation commodities less motor fuel(11),7.139,104.030,103.779,103.905,104.022,104.647,105.299,104.850,104.682,104.187,105.807,108.022,108.903,109.567
4,New vehicles,3.716,145.726,145.728,146.220,147.253,147.803,147.124,147.007,147.222,147.108,147.803,147.412,147.361,147.956
5,New cars and trucks(5)(6),,100.982,100.983,101.328,102.046,102.430,101.956,101.877,102.019,101.939,102.425,102.152,102.119,102.535
6,New cars(6),,141.970,141.921,142.279,143.388,144.178,143.517,143.116,143.223,143.546,144.381,144.106,144.084,144.317
6,New trucks(13)(6),,154.989,155.123,155.819,156.764,157.245,156.543,156.598,156.836,156.516,157.168,156.686,156.672,157.645
4,Used cars and trucks,2.788,138.407,137.407,137.125,136.064,137.452,140.689,139.411,138.383,136.915,141.493,149.765,152.887,154.381
4,Motor vehicle parts and equipment(4),0.393,146.957,147.608,147.757,148.335,148.457,148.190,147.403,148.642,147.643,148.123,148.096,148.193,147.723
5,Tires(4),0.248,124.964,125.742,125.542,125.288,125.590,125.377,124.590,125.412,124.033,124.958,125.634,125.058,125.430
5,Vehicle accessories other than tires(4)(5),0.145,177.202,177.531,178.376,180.915,180.573,180.216,179.557,181.622,181.725,181.028,179.271,181.013,178.541
6,Vehicle parts and equipment other than tires(4)(6),,166.906,167.719,168.146,171.141,170.550,170.771,170.077,172.660,173.423,171.761,170.091,173.247,169.711
6,"Motor oil, coolant, and fluids(4)(6)",,394.692,389.716,410.895,398.627,412.025,396.931,399.661,395.833,393.425,397.977,388.697,390.613,382.656
3,Medical care commodities,1.603,383.498,383.025,387.533,386.331,384.701,384.498,383.911,384.304,384.259,384.377,385.409,383.031,380.371
4,Medicinal drugs(11),1.533,125.508,125.305,126.875,126.512,125.970,125.914,125.751,125.800,125.789,125.809,126.233,125.534,124.703
5,Prescription drugs,1.152,529.635,528.285,537.946,538.154,535.548,533.885,533.767,533.325,533.460,533.551,534.254,529.966,527.649
5,Nonprescription drugs(4)(11),0.381,98.046,98.237,97.309,96.059,95.815,96.565,96.121,96.521,96.411,96.423,97.357,97.560,96.251
4,Medical equipment and supplies(4)(11),0.070,102.459,103.465,102.461,101.605,101.320,101.093,100.438,101.902,101.831,102.184,100.979,98.982,97.591
3,Recreation commodities(11),2.006,79.996,79.889,79.380,79.713,79.835,79.206,78.464,78.243,78.176,78.591,79.308,79.055,78.995
4,Video and audio products(11),0.274,38.362,37.625,36.891,36.866,36.953,37.080,36.849,36.760,36.556,36.658,37.073,37.212,37.218
5,Televisions,0.093,1.506,1.449,1.406,1.403,1.393,1.384,1.372,1.374,1.364,1.362,1.364,1.361,1.350
5,Other video equipment(5),0.043,9.583,9.507,9.453,9.482,9.637,9.656,9.741,9.839,9.599,9.531,9.803,9.866,9.941
5,Audio equipment(4),0.079,27.652,27.066,26.294,26.346,26.645,26.999,26.793,26.578,26.432,26.775,26.994,27.063,27.347
5,Recorded music and music subscriptions(4)(5),0.046,80.003,80.586,80.141,79.611,79.099,79.764,78.618,77.675,78.890,78.984,80.717,82.083,81.271
4,Pets and pet products(4),0.629,205.062,205.186,205.683,205.460,206.424,205.207,202.746,202.407,200.475,200.726,203.281,200.833,199.186
5,Pet food(4)(5)(6),,156.534,156.500,156.207,155.686,156.738,156.250,155.792,155.297,154.131,154.041,155.271,154.382,153.825
5,"Purchase of pets, pet supplies, accessories(4)(5)(6)",,117.826,117.942,118.921,119.197,119.569,118.424,115.184,115.279,113.859,114.255,116.451,114.164,112.545
4,Sporting goods,0.593,113.309,114.091,113.537,113.971,113.741,112.053,111.084,110.733,112.281,114.094,114.691,114.340,114.921
5,Sports vehicles including bicycles(4),0.357,156.336,158.258,157.706,158.651,156.907,153.566,152.322,152.507,156.054,159.858,159.697,157.628,160.308
5,Sports equipment,0.226,77.550,77.479,76.942,76.943,77.918,77.527,76.797,76.036,76.001,76.212,77.394,78.329,77.232
4,Photographic equipment and supplies,0.027,55.704,55.778,53.144,54.299,56.947,57.384,57.483,56.134,55.921,56.868,56.952,56.490,56.541
5,Film and photographic supplies(4)(5)(6),,,,,,,,,,,,,,
5,Photographic equipment(5)(6),,23.393,23.370,22.051,22.498,23.734,23.875,23.931,23.250,23.069,23.549,23.675,23.392,23.384
4,Recreational reading materials(4),0.118,261.594,262.555,259.783,263.407,264.224,263.738,261.502,264.242,268.709,268.818,270.573,266.863,269.735
5,Newspapers and magazines(4)(5),0.067,193.881,195.332,192.770,197.476,194.308,195.683,194.630,195.864,198.749,200.192,201.698,198.627,199.210
5,Recreational books(4)(5),0.049,96.465,96.211,95.611,95.563,98.419,97.037,95.811,97.351,99.258,98.370,98.916,97.760,99.908
4,Other recreational goods(5),0.365,34.655,34.350,33.952,34.405,34.315,33.918,33.600,33.357,32.984,32.900,33.195,33.556,33.490
5,Toys,0.278,30.467,30.012,29.724,30.196,29.990,29.664,29.284,29.061,28.769,28.496,28.516,28.954,29.002
6,"Toys, games, hobbies and playground equipment(5)(6)",,38.270,37.543,37.204,37.939,37.356,37.121,36.801,36.776,36.537,36.540,36.863,37.076,37.513
5,"Sewing machines, fabric and supplies(4)(5)",0.023,98.994,99.842,98.893,99.282,101.928,94.722,93.505,95.392,90.990,96.080,110.478,106.717,101.861
5,Music instruments and accessories(4)(5),0.048,103.304,105.324,102.629,103.043,104.056,105.216,106.458,104.849,104.364,105.829,105.398,106.192,106.023
3,Education and communication commodities(11),0.501,70.638,70.496,69.390,68.641,69.179,69.475,69.709,69.431,69.126,69.071,69.243,67.553,67.113
4,Educational books and supplies,0.109,676.964,680.251,681.151,664.948,670.410,671.048,677.144,677.189,674.802,677.979,685.181,683.136,683.131
5,College textbooks(4)(14)(6),,233.943,235.006,235.265,228.855,230.845,231.129,233.493,233.322,232.707,233.885,235.695,235.046,234.783
4,Information technology commodities(11),0.392,50.747,50.530,49.450,49.088,49.468,49.722,49.816,49.564,49.334,49.223,49.239,47.752,47.355
5,"Computers, peripherals, and smart home assistants(7)",0.290,38.938,38.868,38.001,37.728,38.247,38.706,39.015,38.629,38.778,38.686,38.866,37.459,37.201
5,Computer software and accessories(4)(5),0.017,28.880,28.077,28.020,27.690,27.816,27.477,26.420,26.532,25.931,26.661,26.309,24.823,25.002
5,"Telephone hardware, calculators, and other consumer information items(5)",0.085,15.515,15.393,15.031,14.927,14.766,14.565,14.417,14.555,14.127,14.014,13.846,13.799,13.574
3,Alcoholic beverages,1.032,253.207,252.463,252.361,253.592,254.831,255.660,256.423,257.713,258.033,256.960,257.678,257.730,258.936
4,Alcoholic beverages at home,0.577,206.087,205.127,204.376,205.582,207.030,208.219,209.282,209.557,209.412,209.356,209.118,209.093,210.418
5,"Beer, ale, and other malt beverages at home",0.222,231.715,231.225,232.228,233.964,235.160,236.893,240.502,240.292,238.315,238.526,237.500,237.124,238.502
5,Distilled spirits at home,0.094,192.525,191.565,191.793,193.892,194.358,194.605,195.435,195.778,196.880,196.056,196.405,198.035,197.594
6,Whiskey at home(4)(6),,204.425,204.246,204.407,207.422,209.403,207.491,206.391,204.757,207.329,210.312,209.942,211.356,211.596
6,"Distilled spirits, excluding whiskey, at home(4)(6)",,187.640,187.302,187.821,189.638,189.536,190.477,192.102,193.369,193.447,191.909,192.667,193.725,193.517
5,Wine at home,0.262,172.336,171.085,168.734,169.201,170.954,171.972,171.425,171.946,172.553,172.580,172.669,172.345,174.045
4,Alcoholic beverages away from home(4),0.454,355.939,355.902,357.664,358.947,359.716,359.743,359.839,363.372,364.722,361.401,364.232,364.456,365.392
5,"Beer, ale, and other malt beverages away from home(4)(5)(6)",,174.274,174.305,175.329,176.212,176.336,176.064,175.799,177.805,178.799,175.864,178.382,178.287,177.245
5,Wine away from home(4)(5)(6),,192.476,192.161,192.856,193.173,193.376,193.479,194.611,196.208,197.338,195.772,196.483,196.580,197.211
5,Distilled spirits away from home(4)(5)(6),,192.569,192.692,192.885,193.331,194.496,195.015,,,198.655,197.850,198.840,200.810,203.421
3,Other goods(11),1.475,115.657,116.027,115.125,115.910,116.511,116.967,116.997,116.586,116.723,116.796,116.392,116.499,116.719
4,Tobacco and smoking products,0.601,1134.550,1142.857,1141.600,1144.642,1148.752,1162.660,1159.847,1156.179,1165.761,1178.054,1180.537,1183.975,1186.127
5,Cigarettes(5),0.522,465.075,468.795,468.309,469.963,471.704,477.891,476.534,474.692,479.396,484.649,485.157,486.877,487.648
5,Tobacco products other than cigarettes(4)(5),0.060,283.637,283.894,283.361,282.000,282.809,283.696,283.993,284.898,283.295,285.280,288.660,287.616,288.945
4,Personal care products(4),0.683,161.103,161.193,159.352,159.470,161.196,161.018,160.797,160.212,159.331,160.218,160.328,159.878,159.704
5,"Hair, dental, shaving, and miscellaneous personal care products(4)(5)",0.370,103.371,103.776,103.168,102.979,104.203,103.852,103.935,103.920,103.413,104.003,104.238,104.446,103.995
5,"Cosmetics, perfume, bath, nail preparations and implements(4)",0.305,183.061,182.375,178.974,179.656,181.381,181.669,180.950,179.553,178.426,179.374,179.164,177.631,178.135
4,Miscellaneous personal goods(5),0.191,76.376,76.258,74.909,77.901,77.197,77.002,78.044,77.721,77.964,74.515,71.923,72.500,73.425
5,"Stationery, stationery supplies, gift wrap(6)",,156.191,156.694,158.915,158.511,158.428,157.643,161.343,162.882,161.682,153.173,146.107,146.677,153.968
5,Infants' equipment(4)(8)(6),,72.158,68.185,67.777,78.673,76.463,78.282,78.813,77.035,79.812,,79.546,79.955,80.300
2,Services less energy services,59.411,340.302,341.032,341.347,342.694,344.006,343.990,342.776,342.801,343.713,345.493,345.936,345.880,346.220
3,Shelter,33.281,320.762,321.267,321.766,323.053,324.254,324.615,324.522,325.265,325.814,326.580,326.997,327.116,327.273
4,Rent of shelter(15),32.917,334.457,334.992,335.522,336.889,338.144,338.549,338.441,339.243,339.822,340.618,341.060,341.185,341.341
5,Rent of primary residence,7.833,334.680,335.819,336.789,337.825,338.616,339.519,340.135,340.811,341.294,341.950,342.444,342.910,343.615
5,Lodging away from home(5),0.919,160.340,152.399,147.590,153.531,162.574,157.565,147.847,149.800,152.721,154.349,152.224,148.585,138.300
6,"Housing at school, excluding board(15)",0.118,568.913,568.894,570.430,570.703,570.643,570.643,570.643,570.900,570.960,572.430,575.473,580.883,582.477
6,Other lodging away from home including hotels and motels,0.800,326.134,307.752,296.495,310.149,330.966,319.437,297.071,301.547,308.264,311.901,306.780,297.994,274.203
5,Owners' equivalent rent of residences(15),24.166,328.762,329.745,330.527,331.522,332.177,332.864,333.358,334.052,334.424,335.144,335.763,336.095,336.965
6,Owners' equivalent rent of primary residence(15),22.952,328.805,329.785,330.569,331.565,332.220,332.904,333.392,334.087,334.454,335.174,335.791,336.121,336.993
5,Tenants' and household insurance(4)(5),0.364,151.906,151.842,151.654,151.251,151.731,150.753,151.161,150.428,150.444,150.869,150.818,150.839,151.186
4,Water and sewer and trash collection services(5),1.098,246.741,247.364,247.567,248.846,249.751,250.359,250.673,250.921,251.435,252.401,253.974,254.266,254.781
5,Water and sewerage maintenance,0.805,572.912,574.691,575.232,577.441,578.838,580.394,581.757,582.322,583.204,585.456,589.444,589.992,590.957
5,Garbage and trash collection(4)(13),0.293,486.133,486.485,486.708,491.003,494.429,495.288,494.432,494.946,496.679,498.564,500.882,501.756,503.315
4,Household operations(4)(5),0.883,197.005,197.336,197.513,197.771,199.139,199.308,199.331,199.224,199.375,200.071,201.012,201.743,202.375
5,Domestic services(4)(5),0.293,170.404,172.001,172.015,172.336,172.336,172.336,173.064,173.577,173.452,173.936,174.738,175.204,177.230
5,Gardening and lawncare services(4)(5),,210.975,211.474,,210.903,214.442,,214.153,215.812,215.735,215.709,215.715,215.715,
5,"Moving, storage, freight expense(4)(5)",0.092,173.947,169.806,170.734,172.927,174.519,173.819,173.604,169.376,171.168,175.189,179.733,183.109,181.440
5,Repair of household items(4)(5),,269.956,270.743,270.420,271.638,270.914,271.169,271.813,268.205,268.257,268.305,268.646,269.794,
4,Medical care services,7.337,545.652,547.735,549.077,552.721,555.597,557.889,559.994,562.701,564.754,567.299,567.771,567.525,565.999
5,Professional services,3.669,384.244,384.543,384.667,384.681,385.779,386.691,387.309,389.872,390.982,392.585,391.945,392.373,392.273
6,Physicians' services,1.822,384.901,385.010,385.092,384.715,386.202,386.483,386.862,389.329,390.718,392.928,393.025,392.474,392.099
6,Dental services,1.004,499.402,500.131,500.275,500.970,502.668,506.285,507.924,513.030,513.830,516.437,513.403,514.043,514.706
6,Eyeglasses and eye care(4)(9),0.368,191.643,192.157,192.205,192.022,191.943,192.006,192.051,193.050,193.585,193.121,192.852,194.419,194.162
6,Services by other medical professionals(4)(9),0.475,239.906,239.923,240.138,240.585,240.689,240.707,241.085,241.419,242.115,242.380,242.380,243.578,243.578
5,Hospital and related services,2.417,898.649,900.610,900.011,910.413,914.380,916.649,919.940,919.075,920.358,921.834,922.205,926.748,925.515
6,Hospital services(16),2.222,344.363,345.227,344.933,349.152,350.635,351.350,352.676,352.287,352.794,353.381,353.332,355.129,354.289
7,Inpatient hospital services(16)(6),,335.305,336.401,336.525,340.435,340.068,340.909,342.044,342.649,343.004,343.534,343.123,344.165,343.190
7,Outpatient hospital services(9)(6),,757.469,757.640,757.749,768.845,771.055,772.073,771.403,766.407,768.096,770.094,771.766,775.039,773.631
6,Nursing homes and adult day services(16),0.124,236.695,236.866,237.008,238.502,239.615,240.157,240.858,241.104,241.234,241.700,242.667,243.015,243.444
6,Care of invalids and elderly at home(4)(8),0.071,124.834,124.421,124.607,124.546,125.463,127.609,127.476,127.570,,127.651,129.089,129.868,133.222
5,Health insurance(4)(8),1.251,164.375,166.852,169.236,172.145,174.574,176.799,178.683,180.631,182.508,184.569,186.200,183.412,181.128
4,Transportation services,5.066,326.582,326.686,324.209,324.500,327.466,321.610,307.250,297.882,303.942,312.938,311.422,308.143,309.965
5,Leased cars and trucks(4)(14),,86.396,85.841,85.240,85.101,85.321,84.830,,85.792,,,83.676,,
5,Car and truck rental(5),0.127,129.790,134.654,135.330,129.538,126.263,122.708,101.088,96.609,120.904,136.483,138.973,134.635,142.362
5,Motor vehicle maintenance and repair(4),1.093,298.925,299.260,299.614,300.112,302.220,304.131,304.376,305.574,305.736,305.573,307.554,308.198,308.569
6,Motor vehicle body work(4),0.059,318.572,318.360,319.654,318.983,319.639,319.578,323.973,325.227,325.233,324.397,326.078,328.295,328.680
6,Motor vehicle maintenance and servicing(4),0.630,272.410,272.934,273.386,273.414,274.206,276.441,276.105,276.493,276.647,276.980,278.224,277.982,278.545
6,Motor vehicle repair(4)(5),0.346,180.317,180.352,180.348,181.305,184.133,184.825,185.235,186.823,186.976,186.342,188.270,189.628,189.548
5,Motor vehicle insurance,1.585,571.975,571.987,572.979,572.693,576.450,579.462,534.842,486.761,511.639,558.276,560.623,540.491,531.217
5,Motor vehicle fees(4)(5),0.570,194.724,194.994,195.327,195.981,196.341,196.743,194.649,194.421,193.609,194.807,195.451,197.065,196.587
6,State motor vehicle registration and license fees(4)(5),0.297,183.034,183.185,183.347,184.163,184.388,184.576,184.536,184.853,184.853,185.484,185.484,185.486,185.496
6,Parking and other fees(4)(5),0.259,213.484,213.915,214.472,214.920,215.462,216.153,211.297,210.333,208.479,210.404,211.923,215.751,214.627
7,Parking fees and tolls(5)(6),,239.837,240.387,240.478,241.788,242.636,243.289,238.982,238.792,234.946,237.394,238.574,243.917,242.389
7,Automobile service clubs(4)(5)(6),,,120.361,120.636,120.924,121.091,122.599,117.372,116.791,121.116,121.211,121.472,121.761,121.755
5,Public transportation,1.082,261.927,261.770,250.902,252.590,258.708,237.553,219.993,217.731,219.680,219.055,212.132,215.875,224.953
6,Airline fares,0.607,269.871,268.994,252.411,255.200,265.142,232.113,203.342,201.649,206.066,204.785,199.496,197.424,215.993
6,Other intercity transportation,0.172,156.959,157.462,156.241,155.205,154.346,150.147,150.724,149.774,147.635,148.800,150.220,150.827,151.258
7,Intercity bus fare(4)(7)(6),,155.056,170.179,171.677,143.690,142.837,139.797,141.882,,,156.518,158.797,167.159,164.132
7,Intercity train fare(4)(7)(6),,,,112.085,,,,,,,,,,
7,Ship fare(4)(5)(6),,63.926,63.234,62.402,62.558,62.033,61.143,60.806,60.438,59.397,59.023,59.017,58.570,59.407
6,Intracity transportation(4),0.300,324.915,326.193,322.767,323.882,324.988,325.612,325.612,320.218,318.720,318.165,296.674,322.913,309.809
7,Intracity mass transit(4)(11)(6),,130.550,130.550,130.550,130.692,130.941,130.941,130.941,128.520,128.096,128.344,115.164,130.470,118.367
4,Recreation services(11),3.772,124.857,125.533,126.142,126.561,126.586,127.441,127.551,129.088,127.925,126.432,127.050,127.448,128.127
5,Video and audio services(11),1.263,128.238,128.809,129.789,130.190,130.653,131.204,131.449,131.550,131.234,132.670,133.363,133.562,133.678
6,Cable and satellite television service(13),1.180,482.189,484.836,489.021,491.484,493.577,495.647,496.543,497.488,495.854,500.988,503.704,504.178,505.518
6,"Video discs and other media, including rental of video(4)(5)",0.083,73.156,72.148,71.377,69.672,69.229,69.544,69.734,68.645,69.366,70.716,70.887,71.553,69.794
7,Video discs and other media(4)(5)(6),,36.364,35.788,35.350,33.912,33.536,33.840,34.153,33.368,33.999,34.714,35.232,35.839,34.375
7,Rental of video discs and other media(4)(5)(6),,137.535,136.219,134.491,134.781,135.042,136.147,136.301,136.496,136.910,136.921,137.207,137.014,137.078
5,Pet services including veterinary(5),0.557,255.844,256.464,258.099,258.849,258.595,259.258,260.112,261.344,261.701,263.066,263.881,264.422,265.600
6,Pet services(4)(5)(6),,,197.415,198.701,199.040,200.243,200.489,200.294,201.041,201.065,199.656,199.887,200.943,202.509
6,Veterinarian services(5)(6),,269.832,270.766,272.146,272.860,272.278,273.358,274.089,275.171,275.904,278.167,279.335,280.032,280.975
5,Photographers and photo processing(4)(5),0.045,119.006,118.919,118.627,118.892,122.303,122.544,120.201,119.533,122.546,122.215,121.448,122.913,123.711
6,Photographer fees(4)(5)(6),,122.927,122.596,122.902,122.551,125.485,125.485,,,,124.651,,124.669,
6,Photo processing(4)(5)(6),,112.360,112.720,112.031,112.741,113.366,113.962,113.944,113.387,,112.135,,112.067,115.660
5,Other recreation services(5),1.906,172.276,173.494,173.887,174.516,174.117,175.805,175.805,179.631,176.613,171.125,172.058,172.805,174.274
6,"Club membership for shopping clubs, fraternal, or other organizations, or participant sports fees(4)(5)",0.680,143.243,144.777,145.706,146.473,146.023,147.256,147.657,151.327,145.961,139.042,139.393,143.042,144.308
6,Admissions,0.695,391.579,392.517,392.439,393.525,392.645,397.663,396.562,404.439,405.896,393.361,396.727,392.607,395.011
7,"Admission to movies, theaters, and concerts(4)(5)(6)",,188.214,188.090,187.226,187.781,189.097,190.094,188.129,192.183,193.557,185.452,188.142,187.431,187.632
7,Admission to sporting events(4)(5)(6),,223.859,232.212,235.763,236.789,227.205,232.141,238.247,241.201,240.494,,,,
6,Fees for lessons or instructions(4)(9),0.213,316.647,320.390,320.252,320.779,321.493,321.432,,321.285,323.188,324.421,324.746,324.636,327.303
4,Education and communication services(11),6.305,111.739,112.099,112.175,112.532,112.567,112.478,112.603,112.607,112.577,113.928,114.366,114.637,114.784
5,"Tuition, other school fees, and childcare",2.924,772.258,772.102,771.519,772.630,773.944,774.185,774.413,774.743,775.642,777.492,780.064,781.984,782.652
6,College tuition and fees,1.569,876.145,875.756,874.088,874.769,874.821,874.617,874.234,874.153,874.774,877.356,879.662,880.234,881.128
6,Elementary and high school tuition and fees,0.431,881.433,881.226,881.285,881.285,881.294,882.049,884.233,887.181,885.269,886.158,895.728,902.218,902.317
6,Day care and preschool(12),0.768,306.811,306.903,307.252,308.335,310.206,310.546,310.647,310.605,311.779,312.330,312.538,313.713,313.928
6,Technical and business school tuition and fees(5),0.037,254.787,254.640,254.640,255.645,256.076,256.245,257.758,257.981,259.408,261.278,260.964,260.297,261.906
5,Postage and delivery services(5),0.111,195.409,195.354,195.407,197.850,203.393,203.278,203.017,202.818,202.921,203.113,203.128,203.214,203.092
6,Postage,0.101,307.042,307.042,307.042,310.652,320.396,320.396,320.396,320.396,320.396,320.396,320.396,320.396,320.396
6,Delivery services(5),0.010,319.733,319.014,319.707,326.095,324.348,322.280,317.564,313.968,315.816,319.289,319.563,321.107,318.912
5,Telephone services(4)(5),2.368,89.746,90.172,90.287,90.529,90.417,90.416,90.621,90.607,90.481,93.178,93.752,93.953,94.212
6,Wireless telephone services(4)(5),1.967,46.299,46.387,46.412,46.404,46.302,46.295,46.340,46.373,46.322,48.007,48.374,48.450,48.427
6,Land-line telephone services(4)(11),0.402,123.474,125.027,125.437,127.489,127.916,127.995,129.071,128.518,128.169,128.038,127.899,128.526,130.917
5,Internet services and electronic information providers(5),0.890,76.840,77.790,78.133,78.839,78.561,78.061,78.145,78.100,77.936,77.879,77.874,78.110,78.039
4,Other personal services(4)(11),1.668,125.647,125.823,126.299,127.065,127.425,127.687,127.552,127.660,128.270,129.020,128.962,129.282,129.205
5,Personal care services(4),0.684,273.425,274.682,275.461,277.341,278.218,278.442,278.442,278.889,282.026,286.383,285.587,286.396,287.565
6,Haircuts and other personal care services(4)(5),0.684,166.834,167.601,168.076,169.223,169.758,169.895,169.895,170.168,172.082,174.740,174.255,174.748,175.462
5,Miscellaneous personal services,0.984,450.882,450.613,452.586,455.094,456.285,457.608,456.797,456.946,457.128,456.784,457.320,458.345,456.580
6,Legal services(4)(9),0.250,365.193,364.384,364.384,367.022,369.233,369.233,367.647,367.911,368.924,368.854,369.220,369.317,369.071
6,Funeral expenses(4)(9),0.140,339.009,339.836,341.837,342.759,341.365,341.245,342.173,342.951,343.031,343.271,343.608,344.590,344.749
6,Laundry and dry cleaning services(4)(5),0.219,177.734,177.883,178.513,179.047,179.794,179.985,179.856,179.586,179.705,179.810,180.018,180.839,180.578
6,Apparel services other than laundry and dry cleaning(4)(5),0.031,200.907,201.640,202.038,202.346,203.895,207.220,208.413,207.348,207.563,207.497,208.307,210.295,209.782
6,Financial services(9),0.232,364.582,363.696,367.351,370.423,370.741,373.578,372.504,372.926,372.023,370.785,371.152,371.369,366.858
7,Checking account and other bank services(4)(5)(6),,172.617,172.617,172.617,172.617,174.058,176.076,176.121,175.983,175.899,175.899,175.899,175.575,169.913
7,Tax return preparation and other accounting fees(4)(5)(6),,254.064,253.030,256.190,261.275,261.585,262.909,260.387,261.064,259.709,258.772,259.103,260.876,260.786
,,,,,,,,,,,,,,,
0,Special aggregate indexes,,,,,,,,,,,,,,
,,,,,,,,,,,,,,,
1,All items less food,85.916,256.973,256.839,256.516,257.476,258.165,257.382,254.746,254.486,255.900,257.553,258.465,258.871,258.891
1,All items less shelter,66.719,235.538,235.162,234.656,235.553,236.084,235.184,232.860,232.598,234.316,235.820,236.785,237.237,237.328
1,All items less food and shelter,52.635,229.222,228.802,228.109,228.926,229.390,228.099,224.331,223.627,225.426,227.475,228.608,229.142,229.102
1,"All items less food, shelter, and energy",46.453,234.150,233.955,233.426,234.373,235.659,235.539,233.740,232.916,233.390,235.111,236.485,236.874,237.207
1,"All items less food, shelter, energy, and used cars and trucks",43.665,240.116,239.999,239.454,240.588,241.844,241.387,239.563,238.773,239.436,240.841,241.498,241.605,241.816
1,All items less medical care,91.060,245.418,245.206,244.861,245.789,246.445,245.778,243.907,243.812,245.207,246.479,247.304,247.719,247.916
1,All items less energy,93.818,263.527,263.545,263.450,264.540,265.734,265.896,265.465,265.471,266.097,267.149,268.073,268.338,268.671
1,Commodities,37.441,186.012,185.186,184.441,185.055,185.331,184.364,182.141,182.064,183.619,184.590,185.830,186.434,186.502
2,"Commodities less food, energy, and used cars and trucks",17.535,145.948,145.111,144.230,145.098,146.126,145.767,144.685,144.091,144.249,144.465,145.171,145.512,145.476
2,Commodities less food,23.357,153.421,152.412,151.332,151.711,151.792,150.257,146.008,145.341,146.906,148.471,150.007,150.761,150.625
2,Commodities less food and beverages,22.325,150.007,148.997,147.899,148.253,148.304,146.714,142.355,141.639,143.229,144.856,146.405,147.175,147.003
1,Services,62.559,327.744,328.311,328.603,329.987,331.139,331.021,329.866,329.958,331.166,332.797,333.141,333.236,333.385
2,Services less rent of shelter(15),29.642,345.375,346.023,346.068,347.578,348.701,347.979,345.544,344.834,346.852,349.557,349.819,349.887,350.038
2,Services less medical care services,55.221,311.231,311.687,311.903,313.118,314.141,313.845,312.451,312.350,313.494,315.055,315.390,315.510,315.782
1,Durables,10.928,104.263,103.902,103.695,103.896,104.421,104.703,104.336,104.309,104.188,105.252,106.970,107.474,107.819
1,Nondurables,26.514,228.294,227.202,226.120,226.998,227.015,225.113,221.622,221.514,224.283,225.024,225.659,226.258,226.074
2,Nondurables less food,12.429,201.629,199.858,197.719,198.307,197.680,193.597,184.081,182.539,186.445,188.502,189.470,190.477,189.614
2,Nondurables less food and beverages,11.397,198.410,196.581,194.325,194.871,194.122,189.714,179.517,177.787,181.931,184.196,185.181,186.252,185.252
2,"Nondurables less food, beverages, and apparel",8.618,247.773,246.704,245.365,245.172,241.692,234.822,221.427,220.969,227.698,231.720,232.069,231.917,230.385
2,Nondurables less food and apparel,9.649,247.077,246.041,244.816,244.762,241.755,235.665,223.707,223.420,229.496,233.004,233.387,233.256,231.996
1,Housing,42.328,267.794,267.925,268.236,269.468,270.281,270.273,270.184,270.823,271.831,272.445,272.866,273.116,273.014
1,Education and communication(5),6.806,138.529,138.920,138.839,139.132,139.256,139.199,139.378,139.340,139.258,140.794,141.320,141.369,141.469
2,Education(5),3.033,268.878,268.880,268.700,268.841,269.360,269.450,269.614,269.725,269.993,270.659,271.626,272.241,272.465
2,Communication(5),3.773,73.190,73.578,73.541,73.790,73.793,73.719,73.854,73.793,73.655,74.980,75.271,75.181,75.228
3,Information and information processing(5),3.662,69.189,69.569,69.532,69.749,69.693,69.622,69.756,69.699,69.564,70.852,71.134,71.046,71.093
3,"Information technology, hardware and services(17)",1.294,7.325,7.376,7.347,7.375,7.375,7.354,7.364,7.350,7.328,7.320,7.320,7.266,7.243
1,Recreation(5),5.777,120.982,121.381,121.545,121.986,122.067,122.265,121.935,122.779,122.015,121.304,122.074,122.188,122.581
2,Video and audio(5),1.537,104.763,104.946,105.427,105.680,106.034,106.466,106.510,106.530,106.214,107.223,107.898,108.103,108.183
2,"Pets, pet products and services(5)",1.186,179.340,179.583,180.308,180.442,180.819,180.452,179.555,179.788,178.984,179.540,181.015,180.024,179.618
2,Photography(5),0.072,74.422,74.443,72.665,73.348,75.996,76.305,75.445,74.506,75.566,75.921,75.659,75.991,76.332
1,Food and beverages,15.116,259.284,259.080,259.403,260.638,261.487,262.320,266.137,267.792,269.051,268.132,268.383,268.465,269.169
2,Domestically produced farm food,6.497,250.212,249.460,249.635,250.763,251.833,252.974,259.558,262.316,263.731,260.984,260.645,259.544,260.122
1,Other services,11.745,360.968,362.303,363.215,364.536,364.767,365.516,365.780,367.263,366.375,367.630,368.939,369.910,370.766
1,Apparel less footwear,2.134,118.528,115.053,110.983,112.770,116.710,116.390,110.865,107.006,107.117,106.236,108.334,111.998,111.282
1,Fuels and utilities,4.377,242.207,241.459,241.788,243.739,242.951,241.160,239.897,240.361,244.717,245.125,244.948,246.471,244.978
2,Household energy,3.278,199.089,198.123,198.426,200.219,199.117,196.998,195.534,195.974,200.599,200.788,200.177,201.763,199.995
1,Medical care,8.940,506.100,507.541,509.689,512.149,513.923,515.605,517.053,519.194,520.734,522.686,523.295,522.528,520.725
1,Transportation,15.109,210.487,209.763,208.482,208.284,207.772,203.854,193.732,191.419,195.609,200.766,202.386,202.715,203.086
2,Private transportation,14.027,206.070,205.317,204.610,204.277,203.291,200.626,191.079,188.771,193.105,198.657,200.884,200.967,200.711
3,New and used motor vehicles(5),7.482,98.684,98.441,98.495,98.491,99.028,99.527,98.987,98.717,98.565,100.161,102.070,102.575,103.350
1,Utilities and public transportation,8.877,218.527,218.568,217.864,219.206,219.886,216.968,214.801,214.913,216.770,218.783,218.326,219.656,220.322
1,Household furnishings and operations,4.671,124.256,123.733,123.462,124.151,124.636,124.469,124.961,125.373,125.997,126.269,126.974,126.965,126.821
1,Other goods and services,3.143,455.225,456.262,455.413,458.336,460.144,461.495,461.294,460.730,462.149,463.712,462.847,463.656,463.919
2,Personal care(4),2.542,235.578,235.797,235.310,237.024,237.978,238.175,238.181,237.997,238.444,238.852,238.184,238.535,238.600